output_id,condition_id,fuel_yield,gas_yield,char_yield,fuel_energy_content,emissions,efficiency
O1,C1,65.1,17.5,17.4,40.3,1.95,125.535
O2,C2,77.2,23.7,-0.9,40.5,1.71,132.994
O3,C3,70.9,29.6,-0.6,40.6,2.01,73.649
O4,C4,71.4,26.4,2.2,40.2,1.91,134.106
O5,C5,66.9,21.4,11.8,39.3,1.62,96.964
O6,C6,71.2,15.1,13.7,38.6,1.57,91.347
O7,C7,61.5,19.7,18.8,38.5,1.57,79.141
O8,C8,75.3,22.9,1.8,41.8,1.88,156.579
O9,C9,65.7,19.9,14.4,39.1,1.97,85.621
O10,C10,77.8,16.7,5.6,38.3,1.68,107.506
O11,C11,67.4,21.6,11.0,42.0,2.45,71.802
O12,C12,62.9,18.8,18.3,38.8,1.13,105.122
O13,C13,73.9,28.6,-2.6,41.1,1.52,112.104
O14,C14,63.3,16.5,20.2,39.7,1.63,88.474
O15,C15,75.1,15.7,9.2,38.6,1.03,104.239
O16,C16,79.4,15.1,5.6,40.1,1.55,95.568
O17,C17,75.6,19.9,4.5,38.1,1.41,118.519
O18,C18,60.4,24.9,14.6,42.2,1.76,104.547
O19,C19,72.0,26.0,2.0,40.6,1.5,84.483
O20,C20,73.9,21.8,4.3,38.7,2.09,95.342
O21,C21,76.5,25.3,-1.8,39.2,1.76,105.977
O22,C22,61.1,20.4,18.5,40.2,1.19,105.001
O23,C23,69.6,25.0,5.4,38.9,2.13,113.762
O24,C24,70.7,15.6,13.7,39.3,1.15,137.564
O25,C25,63.4,20.9,15.8,40.7,2.26,118.333
O26,C26,66.4,26.9,6.7,42.2,2.4,90.166
O27,C27,68.8,27.0,4.2,40.0,1.48,72.809
O28,C28,76.7,25.7,-2.4,41.6,2.39,124.095
O29,C29,78.6,18.1,3.3,42.4,2.19,125.268
O30,C30,72.6,18.7,8.7,39.1,2.38,127.239
O31,C31,67.9,29.9,2.2,42.0,2.0,102.581
O32,C32,65.1,16.6,18.4,41.8,1.35,131.419
O33,C33,79.6,17.7,2.6,39.8,2.34,82.546
O34,C34,79.7,17.0,3.4,42.9,1.28,102.013
O35,C35,78.5,19.9,1.6,39.3,1.32,77.513
O36,C36,75.7,18.2,6.1,39.3,1.41,78.927
O37,C37,66.5,22.5,11.0,41.9,1.46,94.475
O38,C38,76.3,22.1,1.5,40.2,1.77,100.95
O39,C39,68.2,28.5,3.3,39.7,2.07,113.722
O40,C40,66.5,15.5,17.9,38.9,2.39,88.638
O41,C41,74.9,19.8,5.3,41.8,1.13,82.171
O42,C42,61.6,23.9,14.5,41.9,2.43,122.893
O43,C43,61.0,24.1,15.0,40.8,2.38,66.692
O44,C44,69.0,22.2,8.8,42.8,1.08,110.129
O45,C45,68.9,27.2,3.9,39.6,1.54,71.814
O46,C46,77.9,15.9,6.1,39.1,2.22,78.515
O47,C47,62.5,27.2,10.2,41.4,1.92,77.499
O48,C48,62.5,22.4,15.1,41.8,2.17,78.41
O49,C49,62.9,17.0,20.0,39.1,2.08,84.581
O50,C50,60.6,28.3,11.1,38.4,1.75,63.402
O51,C51,61.4,24.7,13.8,42.1,1.06,65.98
O52,C52,73.2,17.5,9.3,42.9,1.88,88.455
O53,C53,68.6,15.5,15.9,41.2,1.07,87.272
O54,C54,75.3,17.1,7.6,39.4,1.91,92.39
O55,C55,79.9,24.1,-4.0,43.0,2.2,92.801
O56,C56,73.2,17.7,9.1,42.5,1.88,100.98
O57,C57,61.0,18.4,20.6,40.6,2.5,68.614
O58,C58,62.1,15.4,22.5,42.1,1.68,86.558
O59,C59,77.6,25.8,-3.5,42.1,2.12,154.142
O60,C60,70.5,27.2,2.3,42.7,2.0,108.754
O61,C61,76.5,27.0,-3.4,42.2,2.49,111.701
O62,C62,77.1,16.9,6.0,41.2,2.07,139.379
O63,C63,78.6,28.5,-7.1,41.0,1.25,146.395
O64,C64,79.0,25.1,-4.1,40.3,2.43,103.699
O65,C65,71.1,28.5,0.4,41.1,2.0,134.657
O66,C66,66.8,21.7,11.5,42.0,1.09,107.527
O67,C67,79.2,21.6,-0.8,42.8,1.99,97.174
O68,C68,70.9,26.8,2.3,40.3,2.32,72.753
O69,C69,61.3,16.4,22.3,40.9,1.87,72.865
O70,C70,72.9,22.8,4.3,40.2,1.53,73.403
O71,C71,71.8,27.5,0.7,41.3,2.23,87.16
O72,C72,77.9,27.5,-5.4,41.1,2.17,123.643
O73,C73,73.1,29.3,-2.4,38.1,1.82,83.345
O74,C74,67.0,25.5,7.5,40.7,1.23,80.18
O75,C75,79.3,18.1,2.6,38.4,1.38,111.17
O76,C76,76.0,15.3,8.7,38.1,2.11,142.002
O77,C77,72.6,22.2,5.2,42.0,2.21,89.43
O78,C78,65.9,22.7,11.4,39.3,1.42,126.874
O79,C79,67.5,18.6,13.9,39.7,1.55,82.165
O80,C80,73.4,16.9,9.7,38.3,1.12,120.652
O81,C81,61.4,23.8,14.8,38.9,2.07,76.358
O82,C82,65.1,26.5,8.4,41.8,1.01,90.451
O83,C83,74.3,29.9,-4.2,40.5,1.07,148.19
O84,C84,69.6,26.4,4.0,42.4,1.01,108.097
O85,C85,68.0,26.9,5.0,40.0,1.97,85.06
O86,C86,63.0,24.2,12.7,39.3,1.63,66.947
O87,C87,68.8,29.8,1.4,39.7,1.45,72.297
O88,C88,75.4,24.6,-0.0,41.6,2.37,105.63
O89,C89,65.3,27.9,6.8,40.8,1.29,76.978
O90,C90,60.1,29.2,10.7,42.5,1.58,97.133
O91,C91,73.4,28.9,-2.3,41.0,2.41,112.245
O92,C92,79.5,20.7,-0.2,40.5,1.64,134.637
O93,C93,72.1,16.2,11.7,41.9,1.83,96.876
O94,C94,62.4,17.6,20.0,42.7,1.12,101.308
O95,C95,66.4,15.9,17.7,39.8,2.19,121.811
O96,C96,77.4,16.6,6.1,39.2,1.63,89.977
O97,C97,64.7,17.8,17.6,41.1,2.2,77.695
O98,C98,72.2,20.1,7.7,40.5,1.38,107.435
O99,C99,68.1,23.2,8.8,42.9,1.63,135.79
O100,C100,64.2,25.7,10.2,40.3,2.18,90.72
O101,C101,76.3,18.2,5.6,38.4,2.46,101.691
O102,C102,74.9,25.1,0.1,42.9,1.09,96.148
O103,C103,73.2,25.6,1.2,42.2,2.22,117.505
O104,C104,64.7,23.4,11.9,38.9,1.45,74.714
O105,C105,62.0,28.6,9.5,42.5,1.83,70.406
O106,C106,71.5,16.7,11.8,39.7,1.44,114.958
O107,C107,71.1,17.7,11.3,39.9,1.92,71.612
O108,C108,63.8,21.4,14.8,42.5,1.53,97.839
O109,C109,61.1,16.9,22.0,40.7,1.5,98.331
O110,C110,61.6,23.5,14.9,38.7,1.06,83.96
O111,C111,79.9,21.0,-0.8,39.8,1.22,145.125
O112,C112,75.7,19.3,5.1,41.6,2.38,139.909
O113,C113,78.4,17.5,4.0,38.9,2.5,107.82
O114,C114,63.9,20.0,16.1,41.0,2.17,74.43
O115,C115,79.2,24.1,-3.3,41.5,1.43,86.507
O116,C116,62.9,23.6,13.5,39.7,1.6,74.933
O117,C117,70.2,17.5,12.4,41.5,2.11,131.789
O118,C118,76.6,16.9,6.5,42.4,2.45,97.233
O119,C119,67.0,15.4,17.6,40.4,1.68,82.772
O120,C120,68.5,15.2,16.3,39.9,2.24,75.707
O121,C121,62.6,28.2,9.2,39.3,2.46,67.363
O122,C122,62.5,15.7,21.9,41.0,2.31,68.47
O123,C123,72.4,26.0,1.6,42.4,1.34,108.459
O124,C124,73.5,28.1,-1.6,39.6,1.01,85.618
O125,C125,75.5,16.5,8.0,40.0,1.74,118.971
O126,C126,71.1,21.5,7.3,40.0,1.8,71.134
O127,C127,72.9,29.4,-2.3,40.8,1.3,126.593
O128,C128,60.3,27.5,12.2,39.1,1.43,116.662
O129,C129,63.2,22.3,14.4,42.1,2.15,115.763
O130,C130,79.7,26.4,-6.1,39.5,1.71,88.678
O131,C131,61.5,27.5,11.0,41.5,1.48,88.342
O132,C132,73.6,20.2,6.2,40.6,1.93,103.006
O133,C133,63.5,28.4,8.1,40.9,1.98,66.446
O134,C134,74.3,22.1,3.6,38.9,2.15,75.302
O135,C135,74.1,22.9,3.0,41.7,1.24,117.969
O136,C136,64.7,30.0,5.3,38.9,2.11,103.975
O137,C137,65.4,27.6,7.0,38.6,1.9,68.22
O138,C138,73.1,20.4,6.5,40.7,1.09,78.084
O139,C139,67.8,15.2,17.0,41.5,2.17,91.356
O140,C140,63.9,24.4,11.7,38.3,1.57,75.062
O141,C141,74.6,25.6,-0.2,38.3,1.5,113.883
O142,C142,63.1,24.8,12.2,42.0,1.67,73.597
O143,C143,77.1,29.5,-6.6,42.0,1.52,99.348
O144,C144,70.3,27.9,1.8,39.2,1.51,91.545
O145,C145,62.1,21.7,16.2,41.1,2.21,120.419
O146,C146,73.9,15.9,10.2,40.2,1.19,77.547
O147,C147,70.4,22.1,7.5,41.2,2.46,89.777
O148,C148,66.0,25.3,8.7,42.3,1.83,116.743
O149,C149,68.5,24.1,7.4,38.4,1.27,81.885
O150,C150,66.0,23.1,11.0,41.9,1.2,82.508
O151,C151,65.3,22.0,12.7,40.5,1.89,86.657
O152,C152,63.3,19.4,17.3,40.8,1.95,75.044
O153,C153,67.3,19.2,13.6,41.3,1.08,87.9
O154,C154,65.0,22.5,12.5,42.6,1.36,71.022
O155,C155,73.7,17.4,8.9,38.3,2.19,133.721
O156,C156,73.7,20.1,6.2,38.1,1.07,127.019
O157,C157,70.0,19.9,10.1,38.9,2.28,115.933
O158,C158,75.6,23.8,0.6,42.9,1.99,95.902
O159,C159,76.8,16.0,7.2,41.6,1.65,97.143
O160,C160,71.6,27.4,1.0,41.1,1.52,77.846
O161,C161,72.4,23.4,4.2,38.2,1.03,79.679
O162,C162,65.7,25.1,9.3,42.4,2.24,92.182
O163,C163,77.9,25.5,-3.4,42.1,1.21,82.399
O164,C164,60.5,19.4,20.1,41.3,1.46,98.735
O165,C165,67.0,22.1,11.0,39.7,1.85,72.447
O166,C166,74.4,29.3,-3.8,38.4,1.37,100.293
O167,C167,61.6,26.5,11.9,40.9,1.75,76.349
O168,C168,63.7,29.5,6.8,41.6,2.21,76.765
O169,C169,71.8,26.2,2.0,38.5,1.71,84.518
O170,C170,71.2,17.6,11.2,41.2,2.42,128.659
O171,C171,74.8,16.0,9.3,39.4,2.27,101.947
O172,C172,76.3,23.7,0.1,41.8,1.5,102.158
O173,C173,62.6,20.4,17.1,40.7,1.6,68.829
O174,C174,60.4,19.1,20.5,38.6,1.63,80.629
O175,C175,73.8,27.1,-0.9,40.6,1.94,78.02
O176,C176,66.0,20.5,13.5,40.0,1.43,91.705
O177,C177,72.5,19.8,7.7,38.9,2.45,91.0
O178,C178,63.0,27.7,9.2,42.2,1.91,74.069
O179,C179,69.4,27.7,2.9,38.1,1.6,83.388
O180,C180,70.1,20.3,9.6,39.6,1.97,70.804
O181,C181,71.7,27.5,0.8,38.1,1.59,82.284
O182,C182,70.3,27.8,2.0,38.5,2.23,88.693
O183,C183,69.9,21.4,8.7,39.5,1.85,134.712
O184,C184,66.7,16.0,17.3,38.3,1.06,90.208
O185,C185,61.4,15.0,23.6,41.0,1.27,96.86
O186,C186,61.8,22.8,15.4,38.4,2.3,67.793
O187,C187,68.7,20.2,11.2,41.5,1.84,117.77
O188,C188,67.1,30.0,2.9,38.3,2.43,106.661
O189,C189,70.3,26.6,3.1,38.3,1.11,113.166
O190,C190,66.1,26.4,7.5,39.5,1.44,116.037
O191,C191,73.8,29.3,-3.1,42.5,1.29,119.646
O192,C192,77.3,28.3,-5.6,41.2,1.83,84.454
O193,C193,66.0,19.8,14.2,41.9,1.57,77.872
O194,C194,63.9,17.5,18.7,38.7,1.24,71.221
O195,C195,62.3,26.2,11.5,42.2,1.96,73.261
O196,C196,72.3,20.7,7.0,38.0,1.8,108.203
O197,C197,68.9,22.1,9.0,39.1,1.41,71.435
O198,C198,63.8,24.5,11.8,41.1,1.72,115.443
O199,C199,73.1,28.6,-1.7,39.9,2.12,109.184
O200,C200,63.0,21.3,15.7,42.9,1.31,85.218
O201,C201,71.1,26.7,2.2,38.2,1.44,122.873
O202,C202,70.5,19.0,10.4,43.0,1.52,87.669
O203,C203,74.7,25.5,-0.2,41.1,2.12,110.814
O204,C204,61.1,15.0,23.9,40.8,2.27,69.831
O205,C205,77.8,28.1,-5.8,38.3,1.56,99.602
O206,C206,74.1,15.5,10.5,39.4,1.44,123.642
O207,C207,64.3,25.7,10.0,42.6,2.33,78.967
O208,C208,63.7,15.7,20.6,39.8,2.5,101.36
O209,C209,68.6,19.0,12.4,41.3,2.01,95.119
O210,C210,76.4,22.5,1.2,43.0,2.48,152.703
O211,C211,76.9,21.3,1.8,39.3,1.99,93.227
O212,C212,70.4,17.9,11.7,40.9,2.1,86.478
O213,C213,77.2,20.0,2.8,41.5,1.58,116.104
O214,C214,60.1,25.9,14.0,38.8,1.65,59.648
O215,C215,60.7,25.0,14.3,38.7,1.22,62.646
O216,C216,78.2,16.1,5.7,40.3,2.23,92.191
O217,C217,75.5,26.2,-1.7,39.9,2.4,87.834
O218,C218,69.0,15.8,15.2,41.6,1.94,114.839
O219,C219,75.1,23.1,1.8,38.3,1.52,86.866
O220,C220,79.1,18.9,2.0,42.9,1.23,141.414
O221,C221,75.4,23.8,0.7,38.1,1.4,125.517
O222,C222,76.8,18.9,4.2,41.0,1.38,78.769
O223,C223,75.2,29.8,-5.0,40.8,1.92,94.712
O224,C224,63.4,19.6,17.0,38.7,2.42,85.741
O225,C225,76.7,18.6,4.7,38.8,1.07,115.304
O226,C226,63.9,19.2,16.9,42.0,1.0,83.61
O227,C227,77.9,28.4,-6.3,42.4,1.9,157.187
O228,C228,69.2,24.5,6.3,39.4,1.43,124.448
O229,C229,73.5,26.0,0.5,40.2,2.32,142.816
O230,C230,69.9,28.8,1.3,39.8,1.49,92.793
O231,C231,61.9,28.7,9.4,38.4,1.43,74.256
O232,C232,65.8,26.1,8.1,41.4,1.4,128.524
O233,C233,79.7,18.0,2.4,42.1,1.22,97.509
O234,C234,79.2,27.7,-6.9,39.5,1.87,127.194
O235,C235,66.4,18.1,15.5,43.0,1.25,84.736
O236,C236,79.9,26.1,-6.1,38.4,1.64,77.504
O237,C237,76.9,25.3,-2.2,41.3,1.69,93.977
O238,C238,72.2,26.4,1.4,40.2,1.03,77.008
O239,C239,60.8,23.0,16.2,40.2,1.03,62.673
O240,C240,78.0,24.6,-2.6,40.3,1.78,105.878
O241,C241,71.1,29.3,-0.4,39.3,2.04,82.239
O242,C242,77.4,16.5,6.1,41.6,2.41,86.988
O243,C243,76.7,19.6,3.7,41.6,1.27,117.721
O244,C244,76.7,24.2,-0.8,39.4,1.15,119.857
O245,C245,74.0,29.5,-3.4,42.2,1.08,80.238
O246,C246,65.8,16.4,17.7,39.6,1.65,75.559
O247,C247,66.7,15.3,17.9,41.6,1.93,113.758
O248,C248,66.2,15.8,18.0,38.6,2.26,88.074
O249,C249,60.4,15.8,23.8,38.8,2.02,65.28
O250,C250,71.7,28.6,-0.3,39.6,1.31,91.825
O251,C251,74.0,25.8,0.2,41.0,1.69,91.91
O252,C252,77.1,25.2,-2.2,41.2,2.37,90.473
O253,C253,62.8,22.8,14.4,40.0,1.49,77.535
O254,C254,70.9,26.7,2.4,38.4,1.75,88.374
O255,C255,60.2,17.3,22.5,39.9,2.44,68.583
O256,C256,61.9,20.9,17.2,41.4,2.1,74.068
O257,C257,61.1,22.4,16.6,41.4,2.12,77.573
O258,C258,74.5,16.7,8.8,38.8,1.38,106.286
O259,C259,61.6,21.3,17.1,38.0,1.62,83.331
O260,C260,74.3,19.7,5.9,41.8,1.12,78.857
O261,C261,65.0,15.5,19.5,38.5,1.91,112.712
O262,C262,77.6,17.1,5.4,38.4,1.16,117.247
O263,C263,76.3,26.5,-2.7,38.0,2.25,97.248
O264,C264,79.2,15.3,5.6,40.2,2.22,86.706
O265,C265,77.7,29.0,-6.7,40.5,1.8,135.015
O266,C266,78.7,16.3,5.0,41.2,1.21,127.101
O267,C267,77.2,27.0,-4.2,39.5,1.04,143.118
O268,C268,73.9,28.5,-2.3,41.6,2.2,90.114
O269,C269,63.4,29.1,7.5,38.8,1.9,99.198
O270,C270,65.4,28.0,6.6,42.2,2.07,99.328
O271,C271,64.3,19.3,16.4,40.9,1.46,90.935
O272,C272,72.1,20.0,7.9,40.9,1.76,77.982
O273,C273,70.1,21.4,8.5,39.0,2.12,96.909
O274,C274,77.3,17.1,5.6,38.4,1.69,129.691
O275,C275,79.1,15.3,5.6,40.3,1.9,104.454
O276,C276,68.1,28.0,3.9,41.1,2.18,71.216
O277,C277,70.1,23.3,6.6,38.5,1.32,83.848
O278,C278,79.4,24.1,-3.6,42.8,1.1,85.633
O279,C279,65.5,28.9,5.6,42.9,1.8,76.386
O280,C280,75.8,25.0,-0.8,40.7,1.09,149.131
O281,C281,64.5,25.4,10.1,42.8,2.15,83.157
O282,C282,73.6,26.8,-0.4,38.9,2.08,111.447
O283,C283,65.1,16.7,18.2,38.1,2.32,79.463
O284,C284,77.7,20.4,1.9,38.2,1.96,115.905
O285,C285,71.2,29.5,-0.8,40.9,1.1,107.9
O286,C286,63.7,28.8,7.4,38.3,1.38,63.388
O287,C287,64.5,28.3,7.3,42.8,2.21,114.525
O288,C288,69.9,21.8,8.3,38.7,1.25,72.113
O289,C289,79.2,27.9,-7.1,39.5,2.05,151.926
O290,C290,75.4,15.7,8.9,42.1,2.17,145.598
O291,C291,69.8,17.2,13.0,39.1,1.5,73.527
O292,C292,66.8,21.2,12.0,39.2,1.48,80.269
O293,C293,71.0,22.3,6.8,41.2,1.84,83.799
O294,C294,75.0,19.0,6.1,39.4,2.29,122.054
O295,C295,75.7,20.3,4.0,39.1,1.34,96.385
O296,C296,66.5,17.4,16.1,39.3,2.41,75.307
O297,C297,74.4,22.3,3.2,40.5,1.9,92.743
O298,C298,73.2,26.9,-0.1,42.8,2.49,106.499
O299,C299,79.2,24.9,-4.1,42.2,1.13,85.242
O300,C300,78.6,16.6,4.8,39.4,1.19,92.469
O301,C301,75.8,22.3,1.9,39.8,2.24,78.962
O302,C302,74.5,25.5,0.1,40.3,2.3,86.736
O303,C303,65.5,22.9,11.6,42.9,1.67,80.955
O304,C304,76.9,20.9,2.2,38.9,2.07,138.526
O305,C305,68.6,24.3,7.1,39.8,2.3,100.305
O306,C306,65.4,29.5,5.0,41.6,1.06,73.186
O307,C307,67.7,16.4,15.9,42.8,1.86,117.281
O308,C308,76.7,20.9,2.4,38.8,2.28,133.484
O309,C309,63.0,21.1,15.9,39.1,1.6,92.914
O310,C310,69.1,23.7,7.2,39.1,1.45,110.767
O311,C311,69.8,17.3,12.9,38.1,2.19,69.121
O312,C312,60.7,17.6,21.6,41.0,1.5,66.579
O313,C313,63.9,19.3,16.8,41.4,1.0,88.203
O314,C314,76.5,29.3,-5.9,41.0,2.44,148.016
O315,C315,76.6,26.0,-2.6,38.4,1.89,85.773
O316,C316,65.8,24.9,9.2,38.3,2.23,77.6
O317,C317,77.5,27.3,-4.8,39.1,2.24,76.908
O318,C318,75.4,16.9,7.7,39.5,1.1,95.503
O319,C319,68.4,27.9,3.8,41.9,1.26,107.274
O320,C320,75.0,23.9,1.1,38.8,1.47,95.683
O321,C321,79.2,20.0,0.7,38.2,1.48,76.426
O322,C322,69.2,27.2,3.6,40.0,1.99,81.628
O323,C323,64.8,27.0,8.2,40.1,1.93,77.761
O324,C324,78.8,27.7,-6.5,40.3,1.74,128.109
O325,C325,72.1,16.7,11.2,42.1,1.32,86.944
O326,C326,62.1,29.5,8.4,38.5,1.57,68.316
O327,C327,71.5,29.4,-0.8,41.5,1.82,112.75
O328,C328,70.0,20.4,9.6,39.7,1.7,93.585
O329,C329,77.1,16.0,6.9,39.5,1.19,117.603
O330,C330,70.6,17.5,11.9,42.7,1.97,119.651
O331,C331,65.1,29.9,5.0,39.2,1.11,124.493
O332,C332,73.5,23.4,3.0,41.2,1.57,117.849
O333,C333,70.9,20.3,8.8,39.4,2.07,89.76
O334,C334,64.7,19.3,16.0,40.5,1.03,130.938
O335,C335,71.5,18.9,9.7,41.9,1.85,116.525
O336,C336,76.4,25.0,-1.4,42.4,1.5,86.188
O337,C337,60.6,21.3,18.1,42.2,1.01,80.129
O338,C338,72.6,29.5,-2.1,40.9,1.29,92.237
O339,C339,67.0,25.3,7.8,39.2,2.41,93.455
O340,C340,65.9,26.9,7.3,41.3,1.78,81.186
O341,C341,67.9,19.4,12.8,41.5,2.5,118.313
O342,C342,66.8,16.2,17.0,38.1,1.79,69.962
O343,C343,76.6,22.3,1.0,40.2,1.82,138.167
O344,C344,65.5,19.7,14.8,42.2,1.59,83.502
O345,C345,74.7,18.0,7.3,40.4,1.47,112.552
O346,C346,61.9,29.3,8.8,39.6,1.38,70.014
O347,C347,79.0,21.7,-0.7,42.4,1.52,108.09
O348,C348,72.4,17.6,9.9,38.8,1.69,96.928
O349,C349,74.1,18.0,7.9,39.0,1.29,123.557
O350,C350,66.0,19.2,14.8,41.4,1.34,83.51
O351,C351,68.2,30.0,1.8,39.8,1.41,68.76
O352,C352,64.5,19.0,16.5,41.6,1.67,73.484
O353,C353,78.7,19.9,1.4,38.8,1.98,143.946
O354,C354,69.8,24.9,5.3,39.3,2.28,99.696
O355,C355,72.6,19.4,8.0,38.8,1.43,73.175
O356,C356,74.7,18.2,7.1,42.8,1.28,106.197
O357,C357,67.4,17.4,15.2,40.0,1.57,81.231
O358,C358,74.4,19.7,5.9,39.7,2.34,77.122
O359,C359,73.5,16.6,9.9,38.1,1.01,74.696
O360,C360,74.1,15.3,10.6,38.8,2.02,95.853
O361,C361,69.8,27.1,3.1,40.1,1.72,97.165
O362,C362,67.7,17.1,15.3,38.3,1.24,96.691
O363,C363,64.4,26.6,8.9,40.6,1.48,76.056
O364,C364,76.5,27.0,-3.5,40.3,1.34,119.947
O365,C365,72.2,23.1,4.8,41.8,2.32,120.663
O366,C366,68.9,19.6,11.5,41.3,1.72,104.983
O367,C367,78.9,17.2,3.9,40.2,1.84,134.935
O368,C368,61.0,26.1,13.0,39.1,1.89,70.307
O369,C369,77.0,24.0,-1.0,41.6,1.96,99.175
O370,C370,80.0,24.8,-4.8,41.5,1.74,111.717
O371,C371,77.7,15.1,7.1,38.8,1.03,108.499
O372,C372,76.2,28.9,-5.1,42.6,1.5,84.987
O373,C373,67.5,16.0,16.5,38.3,1.28,125.472
O374,C374,64.6,20.5,14.9,38.3,2.02,69.921
O375,C375,74.7,21.0,4.3,38.9,1.09,76.466
O376,C376,66.1,15.0,18.9,42.5,1.85,97.193
O377,C377,63.5,22.5,14.0,40.6,1.32,83.192
O378,C378,75.7,26.3,-2.0,41.9,2.42,81.571
O379,C379,66.3,27.3,6.4,39.1,1.5,107.042
O380,C380,78.3,28.2,-6.5,40.5,1.49,104.299
O381,C381,76.8,22.3,0.9,39.8,2.39,103.632
O382,C382,77.0,24.5,-1.4,42.1,1.63,128.56
O383,C383,75.4,16.2,8.4,38.1,2.44,78.954
O384,C384,77.6,22.3,0.1,39.2,1.04,80.069
O385,C385,76.1,17.3,6.6,38.8,1.46,82.957
O386,C386,72.1,20.5,7.4,42.3,2.0,127.52
O387,C387,65.9,19.9,14.1,40.3,2.34,122.416
O388,C388,77.8,21.4,0.9,40.0,1.38,96.902
O389,C389,76.8,23.6,-0.4,40.2,2.4,146.343
O390,C390,69.5,28.5,2.0,42.9,1.89,88.947
O391,C391,60.8,20.9,18.3,42.3,2.2,84.022
O392,C392,72.8,29.7,-2.5,41.5,1.6,90.69
O393,C393,61.0,26.4,12.6,39.5,1.32,75.785
O394,C394,78.5,22.7,-1.2,38.8,2.37,106.905
O395,C395,79.2,24.7,-3.9,42.6,2.4,140.638
O396,C396,63.8,16.5,19.7,40.1,1.75,98.007
O397,C397,73.5,27.7,-1.2,39.4,1.01,94.983
O398,C398,61.8,23.7,14.4,40.4,1.16,75.714
O399,C399,74.6,29.8,-4.4,42.6,1.86,89.257
O400,C400,66.9,24.5,8.5,39.9,1.04,75.67
O401,C401,73.6,27.5,-1.1,40.8,1.6,76.044
O402,C402,67.5,27.0,5.5,42.0,1.46,110.242
O403,C403,62.9,20.2,16.9,40.1,2.07,117.885
O404,C404,68.1,18.9,13.0,39.2,1.08,99.271
O405,C405,62.3,21.5,16.3,43.0,1.73,76.702
O406,C406,71.5,22.0,6.5,42.8,1.87,106.313
O407,C407,60.8,18.6,20.6,42.2,1.93,70.51
O408,C408,70.5,28.4,1.0,41.4,1.61,94.214
O409,C409,77.7,23.1,-0.9,39.5,1.46,79.54
O410,C410,76.8,29.7,-6.4,42.6,2.02,83.843
O411,C411,77.7,27.2,-4.8,39.4,2.27,142.973
O412,C412,78.4,23.3,-1.8,42.0,2.04,113.214
O413,C413,62.1,29.2,8.7,42.6,2.4,82.145
O414,C414,62.6,22.6,14.9,41.0,2.08,102.214
O415,C415,71.1,28.3,0.6,42.0,2.15,106.33
O416,C416,77.9,20.4,1.7,42.0,1.25,97.349
O417,C417,79.5,20.7,-0.2,39.0,1.63,126.53
O418,C418,60.9,21.3,17.8,41.3,1.73,78.632
O419,C419,67.1,23.2,9.7,38.5,1.38,76.223
O420,C420,64.3,23.3,12.4,40.5,1.79,119.378
O421,C421,75.1,22.4,2.4,38.8,1.44,97.154
O422,C422,72.8,19.6,7.6,40.1,2.03,115.393
O423,C423,62.4,28.9,8.7,42.2,1.71,76.324
O424,C424,69.7,23.8,6.5,42.9,1.69,125.582
O425,C425,73.7,21.1,5.2,39.6,2.48,77.219
O426,C426,75.6,24.8,-0.3,40.7,1.59,107.556
O427,C427,60.4,26.5,13.1,40.6,1.54,102.178
O428,C428,77.8,29.4,-7.2,42.8,1.48,115.633
O429,C429,71.4,22.5,6.1,40.4,2.34,102.269
O430,C430,76.2,16.7,7.1,41.5,1.75,110.625
O431,C431,76.2,21.6,2.2,42.6,1.9,102.346
O432,C432,63.8,22.2,14.0,39.9,1.27,83.734
O433,C433,62.2,28.5,9.3,42.5,1.81,114.941
O434,C434,74.4,20.9,4.7,42.6,1.41,148.851
O435,C435,63.1,29.3,7.6,42.7,2.1,77.907
O436,C436,77.0,22.3,0.7,39.4,2.25,97.236
O437,C437,74.5,29.6,-4.1,40.0,2.07,109.594
O438,C438,76.8,15.1,8.0,42.4,2.1,89.996
O439,C439,66.0,28.5,5.5,39.8,1.77,94.461
O440,C440,66.3,29.0,4.7,41.0,2.07,75.755
O441,C441,73.4,29.4,-2.8,38.6,1.63,108.589
O442,C442,60.6,15.2,24.2,38.3,1.98,108.004
O443,C443,74.5,17.6,7.9,40.1,1.39,77.226
O444,C444,76.7,24.8,-1.5,40.9,1.1,112.461
O445,C445,68.3,15.4,16.3,40.0,1.62,76.104
O446,C446,75.3,16.0,8.7,40.9,1.69,120.3
O447,C447,63.5,18.3,18.2,40.6,1.38,78.352
O448,C448,66.4,22.7,10.9,41.4,2.09,73.356
O449,C449,79.5,23.2,-2.7,41.2,1.11,157.444
O450,C450,79.7,15.5,4.8,40.1,1.33,87.351
O451,C451,70.3,17.6,12.2,40.1,2.12,89.717
O452,C452,78.7,22.5,-1.2,38.7,1.66,94.864
O453,C453,70.5,23.9,5.6,40.6,2.06,93.785
O454,C454,65.8,17.2,16.9,40.9,1.85,71.801
O455,C455,65.3,21.0,13.7,40.4,2.43,126.299
O456,C456,78.6,28.6,-7.2,39.6,1.9,123.499
O457,C457,63.4,30.0,6.6,41.6,1.02,70.386
O458,C458,71.6,29.8,-1.4,38.4,1.53,78.547
O459,C459,71.1,28.2,0.7,42.6,1.21,148.495
O460,C460,74.8,20.9,4.3,38.1,2.39,94.046
O461,C461,70.0,25.3,4.7,42.8,1.16,97.887
O462,C462,65.4,21.2,13.3,40.3,1.58,94.195
O463,C463,63.4,24.7,11.9,40.1,1.34,98.141
O464,C464,72.4,19.6,7.9,39.3,2.27,84.701
O465,C465,74.4,24.1,1.5,38.1,1.46,117.102
O466,C466,71.4,22.9,5.8,39.4,2.49,78.133
O467,C467,74.8,15.4,9.9,38.5,1.06,79.738
O468,C468,62.8,26.9,10.3,41.3,1.19,91.692
O469,C469,77.6,15.2,7.2,39.6,1.34,119.647
O470,C470,71.6,19.4,9.0,41.8,2.22,116.532
O471,C471,62.5,15.1,22.4,39.0,2.32,82.397
O472,C472,69.2,20.6,10.1,42.5,1.11,85.542
O473,C473,76.9,15.9,7.2,40.6,1.05,114.778
O474,C474,78.0,28.7,-6.7,38.6,2.12,93.445
O475,C475,65.3,21.2,13.5,40.0,1.2,94.628
O476,C476,74.2,21.9,3.9,39.0,1.2,110.911
O477,C477,62.0,20.2,17.8,39.0,1.03,117.951
O478,C478,60.7,24.4,14.9,40.5,1.07,122.247
O479,C479,71.2,26.8,2.0,41.4,1.4,120.327
O480,C480,73.9,24.7,1.4,42.6,1.1,112.028
O481,C481,75.9,26.2,-2.1,40.5,1.55,83.097
O482,C482,66.8,28.6,4.6,42.8,2.25,79.423
O483,C483,60.1,28.0,11.9,42.7,1.49,101.485
O484,C484,69.6,25.1,5.3,42.3,2.09,118.22
O485,C485,60.3,18.2,21.5,40.5,1.14,99.708
O486,C486,61.8,24.6,13.6,38.7,1.99,89.298
O487,C487,66.5,22.6,10.9,39.1,1.48,86.716
O488,C488,68.7,25.8,5.5,41.2,2.12,98.341
O489,C489,65.6,27.5,6.9,40.1,1.2,107.792
O490,C490,71.6,26.1,2.2,38.7,2.35,122.671
O491,C491,61.1,27.7,11.2,40.4,1.36,121.612
O492,C492,62.9,16.0,21.2,38.1,1.53,103.73
O493,C493,73.9,15.5,10.6,41.7,2.43,90.377
O494,C494,62.8,18.9,18.3,38.4,1.87,96.914
O495,C495,72.8,28.5,-1.3,41.1,1.55,101.765
O496,C496,61.1,27.4,11.6,42.0,2.42,80.69
O497,C497,68.1,25.2,6.6,38.7,1.49,69.955
O498,C498,63.5,25.5,10.9,40.6,1.14,68.255
O499,C499,62.2,25.9,11.9,41.9,2.5,74.667
O500,C500,71.3,29.1,-0.5,39.3,1.4,135.444
O501,C501,78.6,27.5,-6.0,38.8,2.28,96.774
O502,C502,61.1,24.4,14.6,39.7,1.25,67.941
O503,C503,68.4,25.0,6.6,40.8,2.1,137.536
O504,C504,74.2,18.2,7.6,40.9,1.79,97.831
O505,C505,69.3,24.9,5.9,38.7,2.47,72.046
O506,C506,76.1,21.4,2.5,40.3,1.83,104.001
O507,C507,63.6,17.3,19.1,39.3,1.04,124.338
O508,C508,79.2,27.1,-6.3,42.2,1.91,165.44
O509,C509,67.7,22.7,9.6,39.6,1.22,94.737
O510,C510,66.8,29.7,3.5,42.2,2.2,122.09
O511,C511,77.5,19.2,3.3,40.1,2.28,93.316
O512,C512,71.3,22.2,6.5,41.6,1.72,86.7
O513,C513,70.3,21.7,8.0,40.6,2.17,120.99
O514,C514,74.5,16.8,8.6,41.1,1.22,81.047
O515,C515,71.6,21.4,7.0,40.0,1.74,99.44
O516,C516,63.3,19.3,17.4,41.8,1.59,115.453
O517,C517,73.5,17.4,9.1,40.1,1.92,83.476
O518,C518,62.7,19.2,18.1,40.3,1.07,70.547
O519,C519,76.1,18.5,5.4,40.6,2.13,94.218
O520,C520,79.8,26.0,-5.8,42.2,1.12,90.764
O521,C521,67.5,15.5,17.0,41.3,1.98,80.395
O522,C522,68.9,24.3,6.8,39.7,1.03,72.743
O523,C523,60.9,26.4,12.7,41.4,2.25,87.89
O524,C524,60.3,22.2,17.5,41.2,1.26,70.952
O525,C525,78.4,29.0,-7.4,42.7,1.77,83.722
O526,C526,62.6,25.6,11.8,42.2,1.39,76.538
O527,C527,68.9,26.2,4.9,41.2,2.08,127.324
O528,C528,76.3,18.0,5.7,39.7,1.48,99.651
O529,C529,77.8,26.7,-4.4,41.9,2.09,102.815
O530,C530,70.4,27.5,2.1,40.9,1.43,122.505
O531,C531,71.3,20.4,8.3,42.9,2.13,77.832
O532,C532,73.4,18.2,8.4,39.2,1.05,122.427
O533,C533,79.2,20.8,-0.0,38.4,1.42,128.913
O534,C534,72.1,26.1,1.9,38.3,1.75,72.053
O535,C535,71.2,21.3,7.5,41.2,1.07,100.103
O536,C536,60.3,26.0,13.7,42.7,1.28,120.864
O537,C537,61.6,16.7,21.7,38.0,2.4,73.173
O538,C538,71.5,27.1,1.4,41.6,2.47,93.006
O539,C539,78.7,18.8,2.5,41.3,2.11,152.645
O540,C540,77.3,18.7,3.9,41.7,1.38,81.641
O541,C541,79.7,23.9,-3.5,39.8,1.39,102.593
O542,C542,70.6,16.1,13.4,42.1,1.97,95.206
O543,C543,75.8,15.4,8.8,38.2,1.18,95.197
O544,C544,76.8,18.9,4.3,41.8,2.42,99.707
O545,C545,73.0,23.1,4.0,39.3,1.34,113.334
O546,C546,66.8,28.6,4.6,40.4,2.5,104.969
O547,C547,69.4,27.7,2.9,42.1,1.74,96.746
O548,C548,77.2,22.4,0.5,39.4,2.16,84.212
O549,C549,66.0,15.6,18.5,38.9,1.0,122.203
O550,C550,78.5,23.0,-1.5,41.4,2.33,101.211
O551,C551,64.6,25.6,9.8,40.7,1.41,72.827
O552,C552,75.0,20.1,4.9,40.6,2.0,131.801
O553,C553,72.6,16.7,10.7,39.3,2.21,140.572
O554,C554,75.0,19.2,5.8,38.2,1.25,108.924
O555,C555,68.7,26.6,4.7,40.1,1.66,86.69
O556,C556,78.7,20.3,1.1,38.5,1.74,132.813
O557,C557,72.6,27.2,0.2,42.5,1.47,108.337
O558,C558,65.8,19.8,14.4,38.2,1.72,81.041
O559,C559,72.8,17.5,9.8,40.2,1.48,91.416
O560,C560,65.7,21.5,12.7,38.3,1.54,98.733
O561,C561,65.9,21.8,12.3,38.5,2.0,90.575
O562,C562,68.0,15.2,16.8,41.3,1.95,78.878
O563,C563,77.0,16.8,6.2,41.2,1.35,81.815
O564,C564,70.0,17.8,12.2,38.2,2.35,71.888
O565,C565,73.6,16.7,9.7,38.0,2.29,89.328
O566,C566,67.8,20.1,12.0,38.4,1.76,92.377
O567,C567,65.3,29.5,5.3,41.8,1.65,102.186
O568,C568,79.1,22.6,-1.7,40.9,1.57,143.773
O569,C569,72.1,24.4,3.5,38.2,2.06,124.576
O570,C570,78.7,20.3,1.0,40.4,2.01,94.042
O571,C571,64.1,19.9,16.1,41.6,1.29,105.763
O572,C572,62.9,15.3,21.7,42.3,2.01,106.067
O573,C573,77.1,22.5,0.4,42.7,1.38,82.322
O574,C574,73.6,22.3,4.1,39.6,1.03,122.491
O575,C575,63.7,17.4,18.9,38.7,2.05,107.235
O576,C576,65.4,26.5,8.1,39.2,1.97,116.508
O577,C577,76.0,22.4,1.6,41.9,1.62,100.79
O578,C578,69.1,20.1,10.8,42.9,1.79,90.902
O579,C579,73.4,17.2,9.4,40.3,2.42,108.368
O580,C580,66.4,23.3,10.4,39.5,1.89,85.391
O581,C581,67.6,26.3,6.1,40.1,1.99,75.747
O582,C582,79.8,19.2,1.0,39.5,1.1,86.612
O583,C583,65.0,18.3,16.8,39.3,1.25,65.118
O584,C584,70.1,22.8,7.0,41.0,1.45,78.775
O585,C585,76.9,17.3,5.8,38.1,1.81,93.592
O586,C586,64.8,25.0,10.2,39.3,2.16,107.883
O587,C587,68.3,24.1,7.6,41.3,1.48,128.226
O588,C588,72.3,16.3,11.4,38.2,1.53,130.897
O589,C589,69.6,15.5,14.8,38.4,1.38,80.287
O590,C590,69.2,24.3,6.5,39.5,1.38,75.497
O591,C591,67.3,19.4,13.3,42.4,2.42,94.417
O592,C592,71.7,16.3,12.0,41.8,1.95,142.106
O593,C593,72.5,26.4,1.1,38.1,1.23,89.96
O594,C594,73.1,19.7,7.2,40.5,2.08,76.464
O595,C595,61.4,21.9,16.7,39.4,2.08,75.608
O596,C596,72.6,18.6,8.8,41.2,2.0,82.651
O597,C597,79.1,24.4,-3.5,41.6,1.2,91.364
O598,C598,70.8,19.5,9.7,42.3,1.61,77.608
O599,C599,74.3,29.5,-3.8,40.4,1.16,84.8
O600,C600,71.1,25.5,3.3,43.0,2.22,87.394
O601,C601,77.1,17.1,5.9,42.9,1.98,133.902
O602,C602,78.6,21.3,0.2,42.4,1.76,157.183
O603,C603,63.7,20.8,15.5,40.9,1.51,85.681
O604,C604,68.7,23.0,8.2,40.0,1.28,122.199
O605,C605,67.8,27.6,4.5,39.8,1.16,68.886
O606,C606,68.1,23.8,8.1,38.1,2.45,100.573
O607,C607,62.5,15.9,21.6,39.2,1.3,66.049
O608,C608,76.3,24.8,-1.1,41.6,1.09,114.134
O609,C609,60.7,15.1,24.2,41.0,2.44,93.937
O610,C610,70.6,26.7,2.7,42.6,1.82,77.676
O611,C611,73.2,25.0,1.8,38.3,2.19,102.747
O612,C612,64.1,19.6,16.2,38.8,1.07,89.532
O613,C613,78.1,19.4,2.5,41.9,1.85,148.104
O614,C614,76.8,27.0,-3.7,39.8,1.6,91.482
O615,C615,69.4,26.8,3.8,38.6,2.16,103.863
O616,C616,68.2,20.3,11.5,43.0,1.06,92.542
O617,C617,64.7,19.5,15.8,41.9,1.6,85.291
O618,C618,74.6,23.4,2.0,40.0,2.2,86.744
O619,C619,62.6,15.1,22.2,42.1,1.78,75.557
O620,C620,73.6,16.2,10.2,41.4,1.83,100.569
O621,C621,76.8,16.9,6.3,41.9,1.15,121.052
O622,C622,64.6,17.8,17.6,42.1,1.2,74.07
O623,C623,77.3,22.7,-0.0,38.4,2.02,113.336
O624,C624,60.7,29.9,9.4,41.1,2.01,82.563
O625,C625,78.3,24.8,-3.0,38.0,2.47,106.204
O626,C626,62.4,15.9,21.7,38.2,2.07,64.216
O627,C627,72.9,22.9,4.2,42.5,1.74,108.353
O628,C628,65.0,22.4,12.5,40.6,2.29,95.273
O629,C629,76.7,17.2,6.1,41.7,1.16,94.665
O630,C630,70.2,28.8,0.9,42.2,1.67,92.637
O631,C631,62.7,21.6,15.7,42.7,1.43,121.154
O632,C632,71.4,29.9,-1.3,42.3,1.16,100.035
O633,C633,68.2,21.3,10.5,40.4,2.15,79.354
O634,C634,73.2,24.1,2.7,39.7,1.77,73.045
O635,C635,77.6,16.6,5.8,38.8,1.84,92.404
O636,C636,68.2,21.8,10.0,40.0,1.62,99.544
O637,C637,65.8,18.6,15.6,39.8,1.69,106.888
O638,C638,60.3,27.5,12.2,40.8,1.17,65.596
O639,C639,71.5,26.8,1.7,41.3,2.01,81.345
O640,C640,68.0,27.4,4.6,42.9,1.65,118.184
O641,C641,67.5,25.9,6.7,41.6,2.23,116.988
O642,C642,63.7,27.5,8.9,41.2,1.29,76.465
O643,C643,68.6,18.0,13.4,39.7,1.31,103.554
O644,C644,79.7,21.8,-1.5,38.2,1.97,116.633
O645,C645,66.0,25.4,8.7,39.4,2.27,112.984
O646,C646,72.0,24.6,3.4,41.8,1.71,118.947
O647,C647,75.5,25.7,-1.3,39.0,2.09,102.995
O648,C648,75.0,18.4,6.7,41.6,2.5,89.893
O649,C649,66.6,16.5,16.9,40.9,2.49,101.983
O650,C650,72.2,28.8,-1.0,38.9,2.12,105.611
O651,C651,77.4,23.4,-0.8,39.3,2.11,118.397
O652,C652,60.3,17.3,22.4,40.5,1.37,82.517
O653,C653,68.7,26.9,4.4,40.1,2.25,116.757
O654,C654,64.5,28.7,6.8,41.9,1.61,90.974
O655,C655,67.8,17.5,14.7,41.7,2.44,82.877
O656,C656,68.3,27.3,4.4,40.9,1.12,135.645
O657,C657,74.9,29.0,-3.9,42.1,1.65,156.173
O658,C658,61.9,29.1,9.0,40.8,1.83,117.421
O659,C659,70.3,28.7,1.0,42.8,1.61,97.94
O660,C660,71.3,23.2,5.5,39.1,1.32,75.127
O661,C661,69.9,20.3,9.8,41.6,1.89,144.634
O662,C662,74.6,15.1,10.3,39.8,2.13,76.759
O663,C663,67.7,15.9,16.4,39.4,1.97,120.653
O664,C664,78.9,21.4,-0.3,38.9,1.35,83.402
O665,C665,69.6,21.0,9.4,40.8,2.1,95.662
O666,C666,71.4,17.8,10.8,39.1,1.39,84.117
O667,C667,76.5,20.9,2.6,39.0,1.26,98.805
O668,C668,65.5,17.6,16.9,43.0,2.04,95.481
O669,C669,61.5,27.7,10.8,42.0,2.26,70.386
O670,C670,74.2,19.5,6.4,41.7,1.72,88.099
O671,C671,69.7,24.0,6.4,42.0,1.8,98.509
O672,C672,77.9,22.5,-0.5,42.8,1.45,150.244
O673,C673,79.7,15.8,4.6,40.9,1.74,146.091
O674,C674,68.0,29.1,2.9,39.1,1.2,73.836
O675,C675,68.3,22.9,8.8,42.3,2.43,94.427
O676,C676,68.2,19.9,12.0,41.7,2.2,96.022
O677,C677,66.5,17.4,16.1,40.1,2.0,79.354
O678,C678,75.6,20.1,4.3,40.4,1.81,82.14
O679,C679,75.2,15.3,9.5,40.1,2.19,92.476
O680,C680,69.6,20.5,10.0,42.6,1.74,83.96
O681,C681,60.9,23.0,16.1,39.7,1.45,68.483
O682,C682,66.2,28.1,5.7,42.8,1.24,104.538
O683,C683,65.8,25.3,8.8,42.6,1.97,110.002
O684,C684,76.2,16.7,7.1,41.2,2.39,87.232
O685,C685,61.8,17.2,21.0,40.9,1.23,91.841
O686,C686,76.1,21.4,2.5,39.9,1.27,79.709
O687,C687,73.4,17.9,8.7,38.1,1.65,130.65
O688,C688,74.6,15.4,9.9,38.6,2.21,135.917
O689,C689,68.6,27.1,4.3,41.8,1.44,74.528
O690,C690,73.6,15.3,11.1,40.4,1.38,90.098
O691,C691,72.2,27.5,0.4,38.7,1.93,101.21
O692,C692,75.4,17.2,7.5,39.3,1.8,84.399
O693,C693,68.9,29.6,1.4,42.7,1.09,88.13
O694,C694,69.5,24.1,6.5,39.8,1.12,90.339
O695,C695,72.9,26.0,1.1,42.5,1.96,140.775
O696,C696,62.2,16.7,21.2,39.5,1.7,67.828
O697,C697,68.7,27.9,3.3,40.7,2.46,74.989
O698,C698,79.4,27.6,-7.0,38.1,2.02,129.343
O699,C699,60.8,24.8,14.5,40.6,1.02,66.662
O700,C700,66.3,22.5,11.1,41.2,1.72,72.67
O701,C701,66.3,25.8,7.9,39.2,1.62,83.815
O702,C702,72.7,15.1,12.2,40.9,1.16,89.794
O703,C703,62.1,23.9,14.0,41.2,2.38,92.724
O704,C704,72.6,27.7,-0.3,41.4,2.21,117.361
O705,C705,61.9,20.4,17.7,41.9,1.35,75.397
O706,C706,61.9,16.6,21.5,39.6,1.38,65.893
O707,C707,74.6,21.3,4.1,40.8,1.05,91.909
O708,C708,66.5,25.9,7.6,42.9,1.45,94.441
O709,C709,79.5,16.6,3.8,42.5,1.88,145.725
O710,C710,60.7,18.1,21.2,42.8,1.63,123.222
O711,C711,68.9,17.2,13.9,39.9,2.45,95.128
O712,C712,62.3,27.0,10.8,41.9,1.08,124.229
O713,C713,67.0,15.9,17.0,41.1,1.89,87.734
O714,C714,80.0,25.3,-5.3,38.4,2.29,110.853
O715,C715,77.8,20.5,1.7,42.1,1.72,93.288
O716,C716,61.0,26.3,12.7,41.4,1.0,96.705
O717,C717,71.3,29.5,-0.7,39.0,1.36,87.127
O718,C718,73.0,16.7,10.3,38.4,1.49,90.959
O719,C719,64.2,19.7,16.1,42.2,2.45,134.769
O720,C720,62.9,27.2,9.9,38.4,2.37,112.871
O721,C721,78.1,19.0,2.9,38.5,2.42,116.526
O722,C722,79.4,18.2,2.4,40.1,2.24,84.654
O723,C723,79.8,27.4,-7.2,38.7,1.53,134.922
O724,C724,75.8,29.8,-5.6,42.6,2.36,94.412
O725,C725,73.3,23.4,3.4,40.4,2.47,74.939
O726,C726,66.9,19.2,13.9,40.8,1.53,76.26
O727,C727,63.4,21.0,15.6,42.6,1.39,108.515
O728,C728,61.6,17.6,20.9,40.7,1.82,65.61
O729,C729,73.9,26.4,-0.3,39.8,1.28,134.24
O730,C730,75.7,26.6,-2.3,42.0,1.05,108.135
O731,C731,76.5,28.1,-4.7,40.2,2.42,81.388
O732,C732,78.3,15.4,6.3,39.6,2.39,94.503
O733,C733,77.6,23.4,-1.0,41.6,1.24,114.067
O734,C734,80.0,18.2,1.8,42.0,1.61,129.721
O735,C735,64.9,20.1,15.0,42.0,2.25,99.091
O736,C736,75.3,26.8,-2.0,42.9,1.99,106.918
O737,C737,71.7,17.9,10.4,41.9,1.59,113.843
O738,C738,65.2,24.6,10.2,41.8,2.12,69.198
O739,C739,79.6,24.8,-4.5,42.3,2.35,87.046
O740,C740,78.0,29.3,-7.3,38.0,2.39,79.209
O741,C741,62.6,26.6,10.8,39.8,1.57,87.687
O742,C742,60.5,27.1,12.4,41.7,1.26,74.669
O743,C743,73.8,23.0,3.3,41.0,2.37,79.381
O744,C744,72.1,17.8,10.1,38.9,1.14,75.784
O745,C745,78.7,21.4,-0.1,39.5,2.08,109.869
O746,C746,64.7,23.2,12.1,39.7,1.21,115.667
O747,C747,61.7,25.2,13.1,40.8,1.58,117.063
O748,C748,65.2,24.1,10.7,42.2,1.62,87.326
O749,C749,60.4,20.9,18.7,42.7,1.24,78.364
O750,C750,60.7,19.0,20.3,41.8,2.38,68.595
O751,C751,78.3,17.5,4.2,42.2,1.0,127.573
O752,C752,67.0,25.4,7.6,40.4,2.34,116.242
O753,C753,68.2,24.7,7.1,39.9,2.33,98.617
O754,C754,60.4,25.3,14.3,40.0,1.48,89.103
O755,C755,65.4,20.6,14.0,41.1,2.06,118.954
O756,C756,76.1,18.9,5.0,38.6,1.38,87.942
O757,C757,72.3,26.4,1.3,40.9,2.14,97.93
O758,C758,75.1,26.6,-1.7,41.3,1.84,90.134
O759,C759,68.9,21.8,9.2,40.2,1.45,102.272
O760,C760,66.2,24.2,9.6,42.8,1.6,106.91
O761,C761,69.7,20.6,9.7,41.0,2.03,96.81
O762,C762,66.5,25.5,8.0,39.1,2.36,69.297
O763,C763,76.8,27.5,-4.3,40.4,1.2,149.129
O764,C764,66.0,25.3,8.7,41.4,1.86,75.636
O765,C765,73.2,22.7,4.1,39.6,1.38,105.786
O766,C766,62.7,21.9,15.4,38.4,2.2,64.938
O767,C767,73.7,24.6,1.6,40.9,1.11,83.774
O768,C768,78.3,25.2,-3.5,42.7,2.03,123.776
O769,C769,72.2,23.4,4.4,40.4,1.26,86.01
O770,C770,71.2,24.4,4.4,42.5,1.89,130.426
O771,C771,79.2,16.4,4.3,42.2,2.25,88.211
O772,C772,72.5,29.3,-1.8,38.7,2.13,99.915
O773,C773,65.2,26.9,7.9,41.5,2.13,92.97
O774,C774,65.8,20.6,13.5,40.2,1.78,77.627
O775,C775,74.1,23.4,2.5,39.3,2.34,80.01
O776,C776,74.7,15.7,9.6,41.4,1.88,125.22
O777,C777,66.1,15.6,18.3,41.7,2.38,82.985
O778,C778,66.9,18.8,14.3,38.9,1.82,93.621
O779,C779,79.8,25.3,-5.2,42.6,1.76,124.101
O780,C780,62.0,27.8,10.2,41.8,1.33,76.723
O781,C781,68.1,23.4,8.5,42.7,1.82,104.966
O782,C782,61.2,23.0,15.8,39.6,1.21,90.166
O783,C783,76.4,21.0,2.5,42.7,2.3,88.916
O784,C784,61.8,17.4,20.7,39.8,2.01,111.887
O785,C785,73.5,16.8,9.7,38.3,2.49,84.009
O786,C786,61.1,26.4,12.5,41.8,1.14,102.209
O787,C787,73.5,28.9,-2.4,41.5,1.36,150.171
O788,C788,76.9,21.9,1.3,41.0,2.32,135.249
O789,C789,68.0,24.9,7.1,40.4,1.59,85.553
O790,C790,70.4,28.7,0.8,38.2,1.7,78.681
O791,C791,68.0,16.4,15.6,41.1,2.29,137.062
O792,C792,66.0,26.6,7.4,40.1,1.78,127.874
O793,C793,76.1,24.3,-0.3,40.8,1.29,81.456
O794,C794,65.4,24.0,10.6,40.1,2.34,122.053
O795,C795,74.5,19.4,6.2,42.8,1.05,84.085
O796,C796,64.1,25.3,10.6,41.0,2.34,106.873
O797,C797,65.0,26.9,8.1,41.7,1.08,77.884
O798,C798,66.7,16.7,16.6,42.7,2.0,108.753
O799,C799,71.8,23.0,5.2,41.0,1.11,79.116
O800,C800,69.1,16.5,14.4,38.1,2.06,77.42
O801,C801,74.9,28.1,-3.0,38.2,1.05,102.189
O802,C802,64.3,22.6,13.1,41.5,2.26,124.059
O803,C803,60.2,27.1,12.7,39.4,1.7,68.369
O804,C804,75.5,20.5,3.9,40.9,1.14,95.642
O805,C805,76.4,16.9,6.7,39.0,2.06,148.303
O806,C806,61.2,15.6,23.2,39.4,1.73,119.35
O807,C807,72.2,19.2,8.6,40.5,1.29,80.797
O808,C808,67.6,18.7,13.8,42.9,1.02,115.02
O809,C809,75.9,23.4,0.7,41.1,1.63,95.369
O810,C810,77.5,15.3,7.2,42.7,1.13,113.703
O811,C811,77.0,22.8,0.2,42.8,1.14,88.377
O812,C812,75.5,20.9,3.6,39.0,1.4,76.925
O813,C813,65.4,23.7,11.0,39.6,1.95,64.889
O814,C814,76.2,25.5,-1.8,41.8,1.79,137.954
O815,C815,70.7,24.5,4.8,42.3,1.1,80.143
O816,C816,61.1,29.8,9.2,40.6,2.45,97.978
O817,C817,69.1,17.1,13.8,43.0,2.33,93.49
O818,C818,78.8,21.4,-0.3,38.1,1.39,99.798
O819,C819,77.8,21.4,0.9,39.5,1.18,150.559
O820,C820,62.0,21.3,16.7,41.1,2.41,65.893
O821,C821,74.9,25.0,0.2,40.3,1.69,139.711
O822,C822,76.1,22.3,1.5,38.6,1.47,86.925
O823,C823,65.4,22.8,11.8,39.8,1.74,72.942
O824,C824,69.4,21.5,9.1,38.1,2.16,73.687
O825,C825,74.2,29.9,-4.1,41.2,1.25,134.707
O826,C826,68.8,28.9,2.3,42.5,2.15,100.799
O827,C827,62.3,19.6,18.1,42.4,2.12,72.122
O828,C828,74.1,16.7,9.2,41.5,1.81,117.85
O829,C829,78.2,27.6,-5.8,40.3,2.3,107.237
O830,C830,73.0,30.0,-3.0,40.6,1.2,116.307
O831,C831,75.5,19.4,5.1,38.7,1.89,99.69
O832,C832,67.2,20.4,12.5,39.7,1.67,70.543
O833,C833,63.7,29.1,7.2,38.9,1.63,85.104
O834,C834,72.9,25.7,1.5,42.1,1.38,98.624
O835,C835,66.6,19.4,14.0,42.6,1.56,100.899
O836,C836,77.2,23.7,-0.9,40.7,1.16,107.606
O837,C837,62.5,29.2,8.4,41.6,1.38,127.982
O838,C838,68.7,27.2,4.2,38.6,1.41,103.138
O839,C839,67.9,26.1,5.9,41.0,2.08,97.049
O840,C840,78.8,26.1,-4.8,41.5,1.07,99.957
O841,C841,63.1,17.7,19.3,40.3,1.98,87.635
O842,C842,60.2,27.4,12.4,39.2,1.33,88.049
O843,C843,64.8,19.1,16.1,42.4,1.12,98.773
O844,C844,76.4,29.0,-5.4,41.7,1.45,128.472
O845,C845,64.2,20.5,15.3,42.5,1.34,70.855
O846,C846,64.8,27.9,7.3,42.1,1.83,89.764
O847,C847,62.6,19.0,18.4,43.0,1.54,132.597
O848,C848,74.3,22.7,3.0,39.0,2.45,142.061
O849,C849,61.4,16.6,22.0,38.4,2.45,59.674
O850,C850,66.6,24.9,8.5,39.7,1.67,108.401
O851,C851,65.6,27.5,6.8,38.6,2.19,70.196
O852,C852,71.1,25.8,3.1,40.6,1.02,136.169
O853,C853,74.6,22.8,2.5,41.2,1.82,80.049
O854,C854,70.7,15.7,13.7,40.9,2.11,77.064
O855,C855,78.6,29.0,-7.6,39.3,1.33,98.401
O856,C856,79.0,25.6,-4.6,42.5,1.09,166.274
O857,C857,67.2,26.2,6.6,38.1,1.23,101.644
O858,C858,75.6,26.9,-2.5,39.7,1.66,106.743
O859,C859,74.8,26.2,-1.0,41.6,1.76,106.53
O860,C860,77.9,21.6,0.5,41.8,1.57,125.174
O861,C861,69.0,26.0,5.0,40.1,1.66,133.587
O862,C862,70.6,24.4,5.0,38.1,1.71,84.598
O863,C863,68.3,27.8,3.9,41.1,2.15,92.058
O864,C864,77.0,27.0,-4.0,38.3,1.16,114.762
O865,C865,64.6,15.6,19.8,38.5,2.15,119.561
O866,C866,64.8,20.7,14.5,41.3,2.03,67.068
O867,C867,67.5,15.5,17.0,39.6,2.11,90.24
O868,C868,64.6,16.5,18.9,39.7,2.1,73.074
O869,C869,71.2,24.0,4.8,40.4,1.71,99.217
O870,C870,62.7,28.1,9.2,42.9,1.32,128.679
O871,C871,66.4,16.8,16.8,42.8,1.8,108.476
O872,C872,78.3,21.8,-0.0,40.1,2.44,118.886
O873,C873,68.2,28.7,3.2,39.3,1.88,72.817
O874,C874,75.0,27.2,-2.2,39.5,1.02,89.459
O875,C875,62.3,22.8,14.9,39.3,1.09,95.968
O876,C876,65.0,26.6,8.5,40.7,2.49,67.094
O877,C877,76.1,22.8,1.0,41.0,1.11,118.258
O878,C878,75.3,17.4,7.4,40.4,1.07,76.012
O879,C879,67.7,16.9,15.4,40.0,1.53,67.893
O880,C880,79.1,17.8,3.1,39.1,2.45,129.93
O881,C881,78.2,20.3,1.5,40.4,1.48,120.144
O882,C882,79.2,29.0,-8.2,39.7,1.61,105.928
O883,C883,68.6,27.0,4.4,40.7,1.95,83.793
O884,C884,63.9,21.5,14.6,41.4,1.04,86.52
O885,C885,72.5,22.4,5.1,41.2,2.35,75.847
O886,C886,73.7,19.0,7.3,40.3,1.78,86.085
O887,C887,62.5,25.6,11.9,40.8,1.7,105.387
O888,C888,75.7,27.0,-2.8,39.4,2.29,135.011
O889,C889,60.4,18.6,21.1,38.1,2.43,68.04
O890,C890,69.7,15.6,14.7,41.1,1.64,123.397
O891,C891,66.6,24.4,9.0,39.3,1.26,73.133
O892,C892,74.8,23.4,1.8,41.3,2.22,117.919
O893,C893,66.3,21.0,12.7,41.7,1.6,104.258
O894,C894,76.5,24.7,-1.2,42.6,2.4,161.408
O895,C895,71.9,23.3,4.8,42.8,2.42,90.508
O896,C896,75.9,18.8,5.4,38.1,1.17,129.639
O897,C897,79.8,21.0,-0.8,43.0,2.43,96.643
O898,C898,73.6,21.4,5.0,41.4,1.55,102.226
O899,C899,79.7,28.2,-7.9,41.2,1.97,91.978
O900,C900,60.6,29.4,10.0,38.1,1.05,72.807
O901,C901,66.8,28.4,4.8,42.3,2.33,130.744
O902,C902,62.2,25.8,12.1,38.7,1.96,68.144
O903,C903,65.2,23.8,11.0,42.2,1.97,128.663
O904,C904,76.8,25.3,-2.1,38.1,2.35,98.825
O905,C905,60.6,29.1,10.3,41.2,1.76,106.779
O906,C906,70.4,18.7,10.8,40.2,1.62,80.864
O907,C907,71.3,23.0,5.6,39.0,2.3,72.837
O908,C908,71.2,25.3,3.4,38.5,2.11,88.17
O909,C909,69.5,25.2,5.3,40.2,2.42,91.611
O910,C910,75.8,18.8,5.4,38.6,2.41,82.899
O911,C911,62.7,23.8,13.5,40.4,1.57,125.965
O912,C912,66.2,26.9,6.8,41.1,1.67,70.867
O913,C913,72.3,22.1,5.6,42.1,1.38,127.382
O914,C914,73.8,26.9,-0.7,41.4,1.99,76.98
O915,C915,68.1,20.4,11.5,38.3,1.55,75.146
O916,C916,77.5,29.1,-6.6,39.5,2.18,86.241
O917,C917,68.3,23.0,8.7,39.4,1.18,81.311
O918,C918,68.1,23.9,8.0,42.6,1.17,98.611
O919,C919,60.7,15.5,23.8,42.3,1.31,81.804
O920,C920,71.0,17.6,11.4,39.9,1.13,135.589
O921,C921,74.2,24.5,1.3,38.4,1.93,87.639
O922,C922,62.3,21.3,16.4,42.5,1.22,81.455
O923,C923,66.1,22.6,11.3,42.4,1.24,74.154
O924,C924,75.6,15.9,8.4,42.3,1.02,106.277
O925,C925,67.3,27.5,5.2,42.2,2.17,132.132
O926,C926,64.8,26.8,8.4,40.4,2.22,100.353
O927,C927,73.4,17.8,8.8,38.9,1.24,86.313
O928,C928,63.9,24.5,11.5,40.4,2.11,104.152
O929,C929,77.9,27.3,-5.2,40.5,1.65,123.261
O930,C930,62.1,24.6,13.3,40.4,1.36,68.937
O931,C931,74.1,19.7,6.2,40.7,1.93,95.178
O932,C932,70.0,24.8,5.2,39.3,1.27,91.081
O933,C933,77.4,18.2,4.4,39.8,2.14,116.684
O934,C934,62.5,19.8,17.7,40.2,1.07,72.643
O935,C935,73.6,18.6,7.8,38.7,2.44,110.337
O936,C936,71.4,23.4,5.2,40.3,1.11,82.97
O937,C937,69.6,16.6,13.8,42.1,1.87,136.927
O938,C938,69.8,29.0,1.2,42.1,2.35,78.814
O939,C939,74.4,20.0,5.6,40.1,1.02,99.501
O940,C940,78.8,18.3,3.0,40.6,1.75,111.022
O941,C941,61.8,22.4,15.7,38.2,1.53,73.345
O942,C942,60.4,19.2,20.5,41.4,1.87,76.928
O943,C943,76.1,23.0,0.9,40.0,1.34,134.715
O944,C944,62.2,20.2,17.6,40.2,1.1,71.196
O945,C945,79.7,17.0,3.3,42.4,1.94,132.577
O946,C946,72.4,19.0,8.6,40.3,1.63,76.567
O947,C947,73.0,21.6,5.4,38.1,1.93,76.427
O948,C948,64.0,15.5,20.6,39.1,1.32,92.994
O949,C949,64.8,26.6,8.6,40.4,1.51,72.325
O950,C950,73.2,24.3,2.5,40.1,1.84,108.295
O951,C951,78.2,24.0,-2.2,42.3,1.89,150.347
O952,C952,79.6,23.2,-2.8,40.7,1.56,82.696
O953,C953,64.0,23.9,12.2,41.4,1.42,79.999
O954,C954,62.7,29.0,8.3,40.3,1.41,86.808
O955,C955,61.1,15.1,23.7,40.2,1.26,87.762
O956,C956,77.4,15.7,6.9,40.2,1.49,117.363
O957,C957,65.9,17.9,16.2,40.1,1.3,66.726
O958,C958,60.0,17.5,22.5,40.7,1.95,107.642
O959,C959,64.5,17.7,17.8,39.3,1.85,96.347
O960,C960,66.8,25.1,8.1,42.5,1.57,95.602
O961,C961,79.8,21.9,-1.7,39.7,1.49,107.056
O962,C962,70.5,29.9,-0.3,38.7,1.36,92.763
O963,C963,64.1,18.4,17.5,38.5,1.8,105.006
O964,C964,66.7,19.7,13.6,38.1,2.38,110.966
O965,C965,66.6,29.8,3.6,40.1,2.03,106.411
O966,C966,60.4,27.5,12.1,38.9,2.12,61.341
O967,C967,62.7,22.0,15.2,38.1,2.25,107.13
O968,C968,73.9,23.3,2.8,40.6,1.53,85.484
O969,C969,62.4,27.6,9.9,41.4,1.09,73.397
O970,C970,64.6,22.2,13.2,38.4,1.93,68.542
O971,C971,67.0,18.1,14.9,40.3,1.28,71.636
O972,C972,75.2,27.4,-2.6,41.7,1.85,123.872
O973,C973,71.6,23.1,5.3,42.9,2.11,125.457
O974,C974,73.8,17.3,8.9,41.3,2.18,103.997
O975,C975,71.3,22.6,6.1,39.2,1.45,110.535
O976,C976,73.7,21.2,5.1,41.6,1.77,88.321
O977,C977,60.1,28.2,11.8,41.0,1.93,75.301
O978,C978,78.6,16.9,4.5,39.1,2.23,81.972
O979,C979,62.2,28.1,9.7,42.3,2.14,121.283
O980,C980,68.1,22.7,9.2,40.1,2.48,71.327
O981,C981,75.4,21.1,3.5,42.8,1.01,124.634
O982,C982,68.7,17.4,13.9,41.6,1.66,95.91
O983,C983,78.9,25.5,-4.4,41.2,1.38,112.924
O984,C984,69.4,28.9,1.7,41.6,1.18,81.961
O985,C985,77.5,20.6,1.9,40.4,2.37,110.245
O986,C986,76.2,18.6,5.2,40.5,2.5,79.351
O987,C987,79.6,23.3,-2.9,42.3,1.27,88.397
O988,C988,78.5,26.9,-5.5,41.4,1.06,86.93
O989,C989,78.0,15.1,7.0,42.5,1.41,154.832
O990,C990,74.6,24.5,0.9,42.5,2.25,85.495
O991,C991,67.3,23.9,8.7,42.9,1.44,81.148
O992,C992,62.1,19.8,18.1,41.5,1.09,116.655
O993,C993,73.8,21.8,4.5,40.5,1.08,135.195
O994,C994,79.6,18.7,1.7,38.8,1.64,140.338
O995,C995,74.5,26.8,-1.4,41.5,2.4,153.123
O996,C996,78.6,24.5,-3.1,39.5,1.43,100.119
O997,C997,76.1,23.0,0.9,39.4,1.64,75.893
O998,C998,63.3,20.9,15.8,39.2,1.15,86.107
O999,C999,65.0,19.4,15.6,42.4,1.74,89.459
O1000,C1000,66.8,27.3,5.8,42.3,2.04,71.757
